{
  "_a7b57368-7e7b-4e8b-b3c5-e3ec26cc53de_a:15dWoL0bhxTLwnCQYCUw_gz2SUTrnkCfxYL7lToi38ihj17THlDPs-uuQmJQNMNL957kT576MkBnFC4YxyzjrK-BIRFuc7K29uP6QL0FFtwTRmbm5q7OuOXYRRvgGv4tl": {
    "ActivityId": "f:5fd7e22f-d155-f2ca-54bd-c0bebc714809",
    "User": {
      "Id": "29:1qDQD2_ozImYtMoD0LmOEX3iOEGnU8h0nuK05RHKQMtpCOwosTlJTmr6H_Zej-sYyCoqTgAr6OgoPaV3Vo20Opw",
      "Name": null,
      "AadObjectId": "7ca407f4-45a1-4772-8d3d-459543e95448",
      "Properties": {},
      "Role": null
    },
    "Bot": {
      "Id": "28:021fb35c-f2c9-41e5-9e7a-20f24e923a53",
      "Name": "EmailNotificationBot",
      "AadObjectId": null,
      "Properties": {},
      "Role": null
    },
    "Conversation": {
      "IsGroup": null,
      "ConversationType": "personal",
      "Id": "a:15dWoL0bhxTLwnCQYCUw_gz2SUTrnkCfxYL7lToi38ihj17THlDPs-uuQmJQNMNL957kT576MkBnFC4YxyzjrK-BIRFuc7K29uP6QL0FFtwTRmbm5q7OuOXYRRvgGv4tl",
      "Name": null,
      "AadObjectId": null,
      "Properties": {},
      "Role": null,
      "TenantId": "a7b57368-7e7b-4e8b-b3c5-e3ec26cc53de"
    },
    "ChannelId": "msteams",
    "Locale": "en-US",
    "ServiceUrl": "https://smba.trafficmanager.net/amer/"
  }
}